{
  "version": 1,
  "author": "Anonymous maker",
  "editor": "wokwi",
  "parts": [
    { "type": "wokwi-breadboard-half", "id": "bb1", "top": -99, "left": -150.8, "attrs": {} },
    {
      "type": "board-esp32-devkit-c-v4",
      "id": "esp",
      "top": 94.34,
      "left": -63.5,
      "rotate": 90,
      "attrs": { "env": "micropython-20231227-v1.22.0" }
    },
    {
      "type": "wokwi-resistor",
      "id": "r1",
      "top": 32.75,
      "left": 96,
      "attrs": { "value": "1000" }
    },
    {
      "type": "wokwi-resistor",
      "id": "r2",
      "top": 32.75,
      "left": -28.8,
      "attrs": { "value": "1000" }
    },
    { "type": "wokwi-led", "id": "led1", "top": -13.2, "left": 215, "attrs": { "color": "red" } },
    {
      "type": "wokwi-photoresistor-sensor",
      "id": "ldr1",
      "top": -44.8,
      "left": -354.4,
      "attrs": {}
    }
  ],
  "connections": [
    [ "esp:TX", "$serialMonitor:RX", "", [] ],
    [ "esp:RX", "$serialMonitor:TX", "", [] ],
    [ "esp:GND.2", "bb1:bn.25", "black", [ "v28.8", "h76.8" ] ],
    [ "esp:23", "bb1:24b.j", "gold", [ "v9.6", "h48", "v-134.4", "h-9.6", "v-76.8" ] ],
    [ "bb1:bn.21", "led1:C", "black", [ "v-20.5", "h1.6" ] ],
    [ "led1:A", "bb1:30b.f", "magenta", [ "v0", "h19.2", "v-67.2", "h-76.8", "v57.6" ] ],
    [ "r1:1", "bb1:24b.h", "", [ "$bb" ] ],
    [ "r1:2", "bb1:30b.h", "", [ "$bb" ] ],
    [ "r2:1", "bb1:11b.h", "", [ "$bb" ] ],
    [ "r2:2", "bb1:17b.h", "", [ "$bb" ] ],
    [ "bb1:bp.14", "bb1:17b.j", "black", [ "v0" ] ],
    [ "esp:3V3", "bb1:1b.j", "red", [ "v-38.25", "h-192", "v-57.6" ] ],
    [ "bb1:1b.f", "ldr1:VCC", "red", [ "v0", "h-38.4", "v-48" ] ],
    [ "bb1:11b.f", "ldr1:GND", "black", [ "v-19.2", "h-124.8", "v-19.2" ] ]
  ],
  "dependencies": {}
}